Interval Start Date/Time,Net Consumption (kWh),Max Temp (°C),Min Temp (°C),Mean Temp (°C),Heat Deg Days (°C)
,,,,,
2021-02-09 00:00,27.28,-9,-18.4,-13.7,31.7
2021-02-10 00:00,43.36,-10.6,-19,-14.8,32.8
2021-02-11 00:00,50.61,-12.2,-20.1,-16.1,34.1
2021-02-12 00:00,48.51,-11.5,-19,-15.3,33.3
2021-02-13 00:00,37.64,-8.5,-14.5,-11.5,29.5
2021-02-14 00:00,24.75,-1,-14.2,-7.6,25.6
2021-02-15 00:00,22.45,-1.1,-6.4,-3.8,21.8
2021-02-16 00:00,20.41,1.1,-6.4,-2.7,20.7
2021-02-17 00:00,19.39,4.6,-5.2,-0.3,18.3
2021-02-18 00:00,24.12,-1.2,-7,-4.1,22.1
2021-02-19 00:00,20.42,2.2,-7.3,-2.5,20.5
2021-02-20 00:00,15.86,4.1,-6.2,-1,19
2021-02-21 00:00,14.71,13.2,2.8,8,10
2021-02-22 00:00,11.49,12.9,0.2,6.6,11.4
2021-02-23 00:00,13.26,6.1,-2.6,1.7,16.3
2021-02-24 00:00,16.31,7,-2.2,2.4,15.6
2021-02-25 00:00,13.13,7.3,2.2,4.8,13.2
2021-02-26 00:00,16.77,7.2,-0.3,3.5,14.5
2021-02-27 00:00,12.4,7.4,-0.9,3.3,14.7
2021-02-28 00:00,16.51,4.5,0,2.2,15.8
2021-03-01 00:00,10.92,15.9,1.8,8.9,9.1
2021-03-02 00:00,10.7,9.3,-1.2,4,14
2021-03-03 00:00,12.4,6.3,0.3,3.3,14.7
2021-03-04 00:00,12.25,14,-1.3,6.3,11.7
2021-03-05 00:00,8.93,16.3,4.2,10.2,7.8
2021-03-06 00:00,12.19,12.5,1.1,6.8,11.2
2021-03-07 00:00,11.3,12.1,1.9,7,11
2021-03-08 00:00,14.25,10.3,-3.7,3.3,14.7
2021-03-09 00:00,17.86,8.2,-5.3,1.4,16.6
2021-03-10 00:00,12.56,7.9,-4,1.9,16.1
2021-03-11 00:00,16.2,8,-7.5,0.3,17.7
2021-03-12 00:00,13.84,14.4,2.4,8.4,9.6
2021-03-13 00:00,12.2,11.5,0.4,6,12
2021-03-14 00:00,13.27,14.5,3.3,8.9,9.1
2021-03-15 00:00,12.58,9.4,0.1,4.8,13.2
2021-03-16 00:00,14.57,11.5,-5.6,3,15
2021-03-17 00:00,12.99,12,-3.7,4.2,13.8
2021-03-18 00:00,11.79,18.6,0.8,9.7,8.3
2021-03-19 00:00,16.67,15.2,2.2,8.7,9.3
2021-03-20 00:00,10.43,14,3.8,8.9,9.1
2021-03-21 00:00,12.09,9.2,1.8,5.5,12.5
2021-03-22 00:00,14.52,12,-0.2,5.9,12.1
2021-03-23 00:00,10.9,10.4,-3.4,3.5,14.5
2021-03-24 00:00,9.99,12.6,4.8,8.7,9.3
2021-03-25 00:00,11.36,12.6,2.3,7.5,10.5
2021-03-26 00:00,14.02,9.3,-1.8,3.7,14.3
2021-03-27 00:00,9.02,15,1.9,8.5,9.5
2021-03-28 00:00,10.46,14.9,1,7.9,10.1
2021-03-29 00:00,10.05,7.1,-0.8,3.2,14.8
2021-03-30 00:00,14.36,11.7,-4,3.8,14.2
2021-03-31 00:00,11.75,15.1,-1.3,6.9,11.1
2021-04-01 00:00,10.3,18.5,7.7,13.1,4.9
2021-04-02 00:00,12.45,15,1,8,10
2021-04-03 00:00,11.81,17.7,-0.1,8.8,9.2
2021-04-04 00:00,13.88,10.7,2,6.4,11.6
2021-04-05 00:00,11.87,16.4,-4,6.2,11.8
2021-04-06 00:00,10.77,14.4,-1.5,6.5,11.5
2021-04-07 00:00,10.59,14.8,2.9,8.9,9.1
2021-04-08 00:00,11.65,11.5,0.2,5.8,12.2
2021-04-09 00:00,14.5,12.5,4,8.3,9.7
2021-04-10 00:00,10.72,9.7,0.7,5.2,12.8
2021-04-11 00:00,11.2,12.5,-1.8,5.3,12.7
2021-04-12 00:00,11.59,13.9,0.8,7.4,10.6
2021-04-13 00:00,14.73,16.5,-3.5,6.5,11.5
2021-04-14 00:00,8.56,21,-2.9,9.1,8.9
2021-04-15 00:00,9.11,23.9,0.5,12.2,5.8
2021-04-16 00:00,7.51,25.4,1.8,13.6,4.4
2021-04-17 00:00,8.35,26.6,3.2,14.9,3.1
2021-04-18 00:00,8.1,22.3,5.2,13.8,4.2
2021-04-19 00:00,11.93,18.4,0.4,9.4,8.6
2021-04-20 00:00,10.6,21.3,0.4,10.8,7.2
2021-04-21 00:00,11.19,21.6,1.9,11.8,6.2
2021-04-22 00:00,9.31,16,6.1,11,7
2021-04-23 00:00,9.02,17.5,0.4,8.9,9.1
2021-04-24 00:00,9.51,17.1,6.6,11.9,6.1
2021-04-25 00:00,7.85,16.9,7.5,12.2,5.8
2021-04-26 00:00,8.97,20.4,0.1,10.3,7.7
2021-04-27 00:00,8.45,18.1,2.8,10.5,7.5
2021-04-28 00:00,9.52,20.8,5.4,13.1,4.9
2021-04-29 00:00,8.59,18.4,10,14.2,3.8
2021-04-30 00:00,11.73,23.4,10.5,17,1
2021-05-01 00:00,9.14,17.1,4.3,10.7,7.3
2021-05-02 00:00,8.7,20.3,3.1,11.7,6.3
2021-05-03 00:00,9.6,17.3,2.9,10.1,7.9
2021-05-04 00:00,8.75,19.8,3.7,11.8,6.2
2021-05-05 00:00,8.53,21.2,2.1,11.7,6.3
2021-05-06 00:00,8.2,20.8,10.7,15.8,2.2
2021-05-07 00:00,10.74,14.7,5.5,10.1,7.9
2021-05-08 00:00,8.86,17.5,3.4,10.4,7.6
2021-05-09 00:00,7.5,19.5,6.7,13.1,4.9
2021-05-10 00:00,8.52,18.4,5.8,12.1,5.9
2021-05-11 00:00,8.05,22.1,2.5,12.3,5.7
2021-05-12 00:00,9.26,15.6,10,12.8,5.2
2021-05-13 00:00,9.73,23.8,9.5,16.6,1.4
2021-05-14 00:00,8.6,26.1,8.5,17.3,0.7
2021-05-15 00:00,11.49,28.1,7.5,17.8,0.2
2021-05-16 00:00,9.68,30.9,10.5,20.7,0
2021-05-17 00:00,7.89,21.2,14.4,17.8,0.2
2021-05-18 00:00,8.8,15.4,6,10.7,7.3
2021-05-19 00:00,8.87,14.2,2.3,8.2,9.8
2021-05-20 00:00,10.45,19.4,2.5,10.9,7.1
2021-05-21 00:00,11.63,23.2,4.6,13.9,4.1
2021-05-22 00:00,9.58,26.2,3.9,15,3
2021-05-23 00:00,10.59,27.9,10.6,19.3,0
2021-05-24 00:00,13.25,24.7,14.6,19.6,0
2021-05-25 00:00,10.92,23,11.9,17.4,0.6
2021-05-26 00:00,8.58,22.7,7,14.8,3.2
2021-05-27 00:00,8.64,21.7,12.8,17.3,0.7
2021-05-28 00:00,8.28,20.5,9.5,15,3
2021-05-29 00:00,9.88,25.3,4.9,15.1,2.9
2021-05-30 00:00,12.79,23.5,7.5,15.5,2.5
2021-05-31 00:00,10.98,30.6,9.8,20.2,0
2021-06-01 00:00,16.45,33.4,15.8,24.6,0
2021-06-02 00:00,18.12,35.5,12.3,23.9,0
2021-06-03 00:00,14.92,29.3,16.3,22.8,0
2021-06-04 00:00,11.37,25.3,12.9,19.1,0
2021-06-05 00:00,8.44,20.9,10.9,15.9,2.1
2021-06-06 00:00,9.6,17.7,7.4,12.5,5.5
2021-06-07 00:00,9.92,20.3,8.8,14.5,3.5
2021-06-08 00:00,8.41,20,7.4,13.7,4.3
2021-06-09 00:00,8.52,22.5,9.7,16.1,1.9
2021-06-10 00:00,8.99,20.8,6.3,13.6,4.4
2021-06-11 00:00,8.96,19.8,7.7,13.7,4.3
2021-06-12 00:00,6.18,25.9,9.9,17.9,0.1
2021-06-13 00:00,8.22,23.7,16,19.8,0
2021-06-14 00:00,12.01,25.4,15,20.2,0
2021-06-15 00:00,13.34,24.8,12.6,18.7,0
2021-06-16 00:00,14.46,26.2,9.3,17.8,0.2
2021-06-17 00:00,12.92,29.3,10.2,19.7,0
2021-06-18 00:00,12.4,29,11.6,20.3,0
2021-06-19 00:00,10.26,23.6,14,18.8,0
2021-06-20 00:00,12.54,29.6,11.9,20.7,0
2021-06-21 00:00,18.41,34,13.3,23.6,0
2021-06-22 00:00,20.49,34.9,15.7,25.3,0
2021-06-23 00:00,15.46,33.1,16.1,24.6,0
2021-06-24 00:00,13.79,29.1,17.3,23.2,0
2021-06-25 00:00,20.24,36.3,17.1,26.7,0
2021-06-26 00:00,24.19,39.8,18.8,29.3,0
2021-06-27 00:00,28.5,43.2,19.1,31.2,0
2021-06-28 00:00,27.94,44.9,21.3,33.1,0
2021-06-29 00:00,31.34,46.2,24.6,35.4,0
2021-06-30 00:00,31.22,45.3,26.4,35.9,0
2021-07-01 00:00,28.51,35.7,21.3,28.5,0
2021-07-02 00:00,18.51,33.3,17.7,25.5,0
2021-07-03 00:00,18.07,33.9,17.3,25.6,0
2021-07-04 00:00,18.52,31.5,18.9,25.2,0
2021-07-05 00:00,17.69,29.8,19.8,24.8,0
2021-07-06 00:00,15.81,34.1,15.9,25,0
2021-07-07 00:00,13.78,31.8,17,24.4,0
2021-07-08 00:00,15.94,32,13.9,22.9,0
2021-07-09 00:00,16.32,34.1,17.7,25.9,0
2021-07-10 00:00,18.78,35.1,17.5,26.3,0
2021-07-11 00:00,18.53,34.1,21,27.6,0
2021-07-12 00:00,16.36,34.6,16.2,25.4,0
2021-07-13 00:00,18.7,37.1,16.6,26.8,0
2021-07-14 00:00,16.5,34.2,17.4,25.8,0
2021-07-15 00:00,16.49,32.8,15.3,24.1,0
2021-07-16 00:00,13.49,32.4,15.8,24.1,0
2021-07-17 00:00,15.63,31.3,15.5,23.4,0
2021-07-18 00:00,19.76,32.5,13.3,22.9,0
2021-07-19 00:00,17.45,35,13.8,24.4,0
2021-07-20 00:00,16.54,32.7,16,24.4,0
2021-07-21 00:00,13.04,28.2,13.7,20.9,0
2021-07-22 00:00,12.11,25.7,14.9,20.3,0
2021-07-23 00:00,12.05,28.4,14,21.2,0
2021-07-24 00:00,14.36,31.5,13.1,22.3,0
2021-07-25 00:00,17.7,31.5,15.4,23.5,0
2021-07-26 00:00,21.19,31.7,14.5,23.1,0
2021-07-27 00:00,14,31.7,15.3,23.5,0
2021-07-28 00:00,16.17,32.5,14.3,23.4,0
2021-07-29 00:00,14.86,33,15.6,24.3,0
2021-07-30 00:00,14.74,32,15.8,23.9,0
2021-07-31 00:00,16.41,26.9,15.4,21.1,0
2021-08-01 00:00,14.73,25,18.7,21.9,0
2021-08-02 00:00,18.24,29.6,16.9,23.3,0
2021-08-03 00:00,17.77,34.3,16.2,25.2,0
2021-08-04 00:00,15.74,34.7,15.8,25.2,0
2021-08-05 00:00,17.34,33.6,14.8,24.2,0
2021-08-06 00:00,9.76,27.9,18.8,23.4,0
2021-08-07 00:00,13.71,26.6,16.1,21.3,0
2021-08-08 00:00,11.71,24.4,16.1,20.2,0
2021-08-09 00:00,18.18,31.1,12.4,21.7,0
2021-08-10 00:00,16.46,32.1,18.6,25.3,0
2021-08-11 00:00,21.14,36.4,15.1,25.7,0
2021-08-12 00:00,15.39,33.9,17.4,25.7,0
2021-08-13 00:00,17.5,30,14.2,22.1,0
2021-08-14 00:00,14.13,30.3,15.6,23,0
2021-08-15 00:00,16.15,29.6,18.2,23.9,0
2021-08-16 00:00,16.21,23.3,15.3,19.3,0
2021-08-17 00:00,15.1,23.6,12.6,18.1,0
2021-08-18 00:00,11.75,28.6,9.6,19.1,0
2021-08-19 00:00,12.27,26.5,18.3,22.4,0
2021-08-20 00:00,10.61,23.9,13,18.4,0
2021-08-21 00:00,11.96,28.4,11.4,19.9,0
2021-08-22 00:00,12.75,19.8,10.2,15,3
2021-08-23 00:00,12.82,18.9,11.2,15.1,2.9
2021-08-24 00:00,9.29,24,7.6,15.8,2.2
2021-08-25 00:00,11.16,28.1,9.5,18.8,0
2021-08-26 00:00,10.22,24.9,10.4,17.7,0.3
2021-08-27 00:00,9.79,23.4,11.7,17.6,0.4
2021-08-28 00:00,11.76,27.8,9,18.4,0
2021-08-29 00:00,12.6,28.2,10.1,19.2,0
2021-08-30 00:00,9.87,26.1,10.3,18.2,0
2021-08-31 00:00,13.94,17.3,11.5,14.4,3.6
2021-09-01 00:00,7.18,21.8,12.5,17.2,0.8
2021-09-02 00:00,7.95,24.7,6.8,15.7,2.3
2021-09-03 00:00,11.04,28.3,6.9,17.6,0.4
2021-09-04 00:00,10.39,19.7,8.2,14,4
2021-09-05 00:00,12.38,24.9,11.8,18.4,0
2021-09-06 00:00,14.33,26.9,9.3,18.1,0
2021-09-07 00:00,9.3,30.3,10,20.2,0
2021-09-08 00:00,8.51,25.3,15.3,20.3,0
2021-09-09 00:00,7.79,22.9,12.3,17.6,0.4
2021-09-10 00:00,9.92,23.8,10.3,17,1
2021-09-11 00:00,12.16,25,10,17.5,0.5
2021-09-12 00:00,12.38,24.3,12.8,18.6,0
2021-09-13 00:00,7.36,25.1,12.3,18.7,0
2021-09-14 00:00,11.41,15.5,8.8,12.2,5.8
2021-09-15 00:00,9.61,17.8,8.3,13.1,4.9
2021-09-16 00:00,9.02,19.3,7.5,13.4,4.6
2021-09-17 00:00,11.92,15.1,9.2,12.2,5.8
2021-09-18 00:00,13.84,20.5,9.8,15.2,2.8
2021-09-19 00:00,13.66,16.9,4.9,10.9,7.1
2021-09-20 00:00,8.99,21,5.8,13.4,4.6
2021-09-21 00:00,11.54,15.8,7.4,11.6,6.4
2021-09-22 00:00,8.54,21.7,12.4,17.1,0.9
2021-09-23 00:00,8.81,23.8,8.6,16.2,1.8
2021-09-24 00:00,7.95,22.2,8,15.1,2.9
2021-09-25 00:00,8.91,21.5,9.8,15.6,2.4
2021-09-26 00:00,8.1,23.3,14.6,19,0
2021-09-27 00:00,7.07,21.8,12.7,17.2,0.8
2021-09-28 00:00,7.24,18.1,8.6,13.4,4.6
2021-09-29 00:00,9.48,15.5,9.5,12.5,5.5
2021-09-30 00:00,10.74,16.8,7.4,12.1,5.9
2021-10-01 00:00,9.12,17.9,1.6,9.7,8.3
2021-10-02 00:00,12.03,17.1,9.7,13.4,4.6
2021-10-03 00:00,13.07,21.6,10.5,16,2
2021-10-04 00:00,8.66,18.3,8.2,13.2,4.8
2021-10-05 00:00,11.64,19,5.7,12.3,5.7
2021-10-06 00:00,10,14.3,2.9,8.6,9.4
2021-10-07 00:00,9.2,14.9,1.2,8,10
2021-10-08 00:00,12.81,14.6,2,8.3,9.7
2021-10-09 00:00,14.54,16.1,-0.4,7.9,10.1
2021-10-10 00:00,13.67,13.7,2.9,8.3,9.7
2021-10-11 00:00,15.59,13.3,0.2,6.8,11.2
2021-10-12 00:00,12.77,10.7,-0.2,5.2,12.8
2021-10-13 00:00,13.75,11.6,3.4,7.5,10.5
2021-10-14 00:00,15.39,13,-1.7,5.7,12.3
2021-10-15 00:00,13.14,11.4,5.2,8.3,9.7
2021-10-16 00:00,10.67,15.2,9.4,12.3,5.7
2021-10-17 00:00,10.81,14,9.3,11.7,6.3
2021-10-18 00:00,10.23,14.5,5,9.8,8.2
2021-10-19 00:00,14.32,12,1.4,6.7,11.3
2021-10-20 00:00,12.99,15,4,9.5,8.5
2021-10-21 00:00,12.14,15.4,5.1,10.2,7.8
2021-10-22 00:00,10.19,13.6,10.1,11.8,6.2
2021-10-23 00:00,12.96,15.8,2.2,9,9
2021-10-24 00:00,12.06,14.2,7,10.6,7.4
2021-10-25 00:00,10.42,15.2,6.9,11,7
2021-10-26 00:00,12.29,15.9,8.7,12.3,5.7
2021-10-27 00:00,10.41,15.2,2.5,8.8,9.2
2021-10-28 00:00,11.6,8.8,4.6,6.7,11.3
2021-10-29 00:00,16.35,9.1,1.3,5.2,12.8
2021-10-30 00:00,21.77,6.6,-4.4,1.1,16.9
2021-10-31 00:00,20.9,5.5,-5.2,0.1,17.9
2021-11-01 00:00,17.77,4.7,-5.9,-0.6,18.6
2021-11-02 00:00,17.68,9.4,-0.5,4.5,13.5
2021-11-03 00:00,15.39,8.5,5.8,7.2,10.8
2021-11-04 00:00,11.68,13.5,7.2,10.4,7.6
2021-11-05 00:00,10.31,13.3,3.3,8.3,9.7
2021-11-06 00:00,10.97,8.8,1.3,5.1,12.9
2021-11-07 00:00,14.79,10.3,1.9,6.1,11.9
2021-11-08 00:00,11.84,8.4,-0.9,3.8,14.2
2021-11-09 00:00,12.61,12.4,4.1,8.2,9.8
2021-11-10 00:00,11.96,10,-1.1,4.4,13.6
2021-11-11 00:00,14.75,8.5,0.3,4.4,13.6
2021-11-12 00:00,13.86,10,1.8,5.9,12.1
2021-11-13 00:00,13.06,7.8,-0.9,3.5,14.5
2021-11-14 00:00,15.23,5.7,3.1,4.4,13.6
2021-11-15 00:00,9.22,12.4,4.4,8.4,9.6
2021-11-16 00:00,19.83,6.6,-3.6,1.5,16.5
2021-11-17 00:00,10.99,0.9,-5.6,-2.3,20.3
2021-11-18 00:00,16.48,0.7,-1.4,-0.4,18.4
2021-11-19 00:00,17.84,2.8,-7.1,-2.1,20.1
2021-11-20 00:00,18.67,1.9,-7.6,-2.8,20.8
2021-11-21 00:00,16.64,4.1,-2,1,17
2021-11-22 00:00,10.78,9.5,1.7,5.6,12.4
2021-11-23 00:00,11.56,7.2,-2.2,2.5,15.5
2021-11-24 00:00,18.62,4.2,-5.5,-0.7,18.7
2021-11-25 00:00,16.15,7.1,3.3,5.2,12.8
2021-11-26 00:00,11.35,8.8,-0.4,4.2,13.8
2021-11-27 00:00,14.65,4.9,-1,2,16
2021-11-28 00:00,16.06,6.2,3.2,4.7,13.3
2021-11-29 00:00,10.44,8.6,3,5.8,12.2
2021-11-30 00:00,11.68,13.4,5.9,9.6,8.4
2021-12-01 00:00,8.87,12.7,4.8,8.7,9.3
2021-12-02 00:00,9.31,6.9,-0.2,3.4,14.6
2021-12-03 00:00,12.99,2.3,-3.6,-0.6,18.6
2021-12-04 00:00,20.74,-0.8,-7.1,-4,22
2021-12-05 00:00,18.96,1.1,-9.4,-4.1,22.1
2021-12-06 00:00,15.99,-3,-6.1,-4.6,22.6
2021-12-07 00:00,22.34,-0.4,-4.9,-2.7,20.7
2021-12-08 00:00,17.11,4.5,-6.4,-0.9,18.9
2021-12-09 00:00,17.13,-3.4,-10.5,-7,25
2021-12-10 00:00,20.68,1.9,-6.6,-2.4,20.4
2021-12-11 00:00,20.49,8,1.5,4.8,13.2
2021-12-12 00:00,19.25,5.5,-1.9,1.8,16.2
2021-12-13 00:00,16.07,4.4,-1.8,1.3,16.7
2021-12-14 00:00,14.71,0.9,-9.3,-4.2,22.2
2021-12-15 00:00,19.58,-4.7,-10.7,-7.7,25.7
2021-12-16 00:00,18.68,-1.5,-8.4,-5,23
2021-12-17 00:00,21.12,-7.7,-16.6,-12.2,30.2
2021-12-18 00:00,24.91,-2.6,-8.8,-5.7,23.7
2021-12-19 00:00,21.95,-1.1,-10.1,-5.6,23.6
2021-12-20 00:00,17.81,-6.5,-9.2,-7.8,25.8
2021-12-21 00:00,24.08,-7.9,-13.9,-10.9,28.9
2021-12-22 00:00,19.71,0.9,-8.1,-3.6,21.6
2021-12-23 00:00,21.24,0.6,-5.4,-2.4,20.4
2021-12-24 00:00,19.65,-5.4,-11.1,-8.3,26.3
2021-12-25 00:00,26.07,-10.9,-18,-14.4,32.4
2021-12-26 00:00,32.61,-18,-23.6,-20.8,38.8
2021-12-27 00:00,37.44,-21.4,-27.7,-24.5,42.5
2021-12-28 00:00,35.98,-17.3,-22.1,-19.7,37.7
2021-12-29 00:00,31.17,-16.3,-24,-20.1,38.1
2021-12-30 00:00,25.99,-14.4,-20.9,-17.7,35.7
2021-12-31 00:00,24,-16.3,-26.6,-21.5,39.5
2022-01-01 00:00,33.03,-7.4,-22.7,-15.1,33.1
2022-01-02 00:00,26.54,-2.6,-7.6,-5.1,23.1
2022-01-03 00:00,23.76,0.8,-8,-3.6,21.6
2022-01-04 00:00,23.48,-8,-14.1,-11,29
2022-01-05 00:00,28.81,-14,-18.3,-16.2,34.2
2022-01-06 00:00,25.18,-12.8,-17.2,-15,33
2022-01-07 00:00,26.55,-7.5,-13.1,-10.3,28.3
2022-01-08 00:00,27.11,-7.6,-17.3,-12.5,30.5
2022-01-09 00:00,24.24,-4.5,-11.7,-8.1,26.1
2022-01-10 00:00,16.68,1.7,-7.2,-2.8,20.8
2022-01-11 00:00,19.51,3.6,0.5,2.1,15.9
2022-01-12 00:00,14.94,3.5,0.6,2.1,15.9
2022-01-13 00:00,14.58,4,1,2.5,15.5
2022-01-14 00:00,16.7,4.3,1,2.7,15.3
2022-01-15 00:00,17.44,4.6,-2.6,1,17
2022-01-16 00:00,17,2.5,-2,0.3,17.7
2022-01-17 00:00,13.94,3.4,-2.1,0.6,17.4
2022-01-18 00:00,12.68,5.7,-0.9,2.4,15.6
2022-01-19 00:00,15.1,0.8,-2.5,-0.9,18.9
2022-01-20 00:00,15.75,2.2,-1.5,0.3,17.7
2022-01-21 00:00,14.08,3.9,-4.9,-0.5,18.5
2022-01-22 00:00,17.85,-1.6,-8.3,-4.9,22.9
2022-01-23 00:00,20.61,0,-2.3,-1.2,19.2
2022-01-24 00:00,15.65,1.3,-5.9,-2.3,20.3
2022-01-25 00:00,16.17,-0.2,-5.5,-2.9,20.9
2022-01-26 00:00,12.58,-0.5,-2.4,-1.5,19.5
2022-01-27 00:00,16.45,-0.6,-5.3,-2.9,20.9
2022-01-28 00:00,19.59,-1.4,-8.1,-4.7,22.7
2022-01-29 00:00,21.5,0.5,-4.5,-2,20
2022-01-30 00:00,23.95,2.1,-1,0.6,17.4
2022-01-31 00:00,12.05,4.2,-4.2,0,18
2022-02-01 00:00,15.33,1.3,-8,-3.3,21.3
2022-02-02 00:00,20.79,-7.1,-12.4,-9.7,27.7
2022-02-03 00:00,16.71,-2.9,-10.2,-6.5,24.5
2022-02-04 00:00,20.15,1.8,-5.8,-2,20
2022-02-05 00:00,19.43,4.3,-6.9,-1.3,19.3
2022-02-06 00:00,17.62,5.1,-2.6,1.2,16.8
2022-02-07 00:00,14.11,,,,
2022-02-08 00:00,11.41,,,,
2022-02-09 00:00,12.74,,,,
2022-02-10 00:00,12.26,6.5,-1.9,2.3,15.7
2022-02-11 00:00,13.33,6.1,-2.8,1.7,16.3
2022-02-12 00:00,18.9,3.1,-7.1,-2,20
2022-02-13 00:00,18.37,4,-6.5,-1.3,19.3
2022-02-14 00:00,13.6,3.7,-0.8,1.5,16.5
2022-02-15 00:00,13.56,7.6,1.6,4.6,13.4
2022-02-16 00:00,10.1,9.4,-0.8,4.3,13.7
2022-02-17 00:00,10.11,5.1,-1.7,1.7,16.3
2022-02-18 00:00,11.42,9,-1,4,14
2022-02-19 00:00,13.14,11.8,-1.2,5.3,12.7
2022-02-20 00:00,13.85,6.9,0.5,3.7,14.3
2022-02-21 00:00,20.02,1.5,-9.7,-4.1,22.1
2022-02-22 00:00,22.81,-5.8,-12.8,-9.3,27.3
2022-02-23 00:00,22.35,-5.4,-13.5,-9.5,27.5
2022-02-24 00:00,18.57,-1.2,-13,-7.1,25.1
2022-02-25 00:00,24.36,0.7,-11.3,-5.3,23.3
2022-02-26 00:00,19.37,3.7,-7.1,-1.7,19.7
2022-02-27 00:00,16.2,7.1,0.8,3.9,14.1
2022-02-28 00:00,12.31,5.2,1.9,3.5,14.5
2022-03-01 00:00,14.88,8.6,1.5,5,13
2022-03-02 00:00,11.6,7.9,0.4,4.1,13.9
2022-03-03 00:00,9.38,10.1,1.1,5.6,12.4
2022-03-04 00:00,9.49,10.8,-1.7,4.5,13.5
2022-03-05 00:00,15.63,10.7,-1.4,4.7,13.3
2022-03-06 00:00,15.7,10.9,-3.2,3.9,14.1
2022-03-07 00:00,11.26,11,-1.5,4.7,13.3
2022-03-08 00:00,9.11,7.3,-1.1,3.1,14.9
2022-03-09 00:00,12.35,3.5,-7.4,-2,20
2022-03-10 00:00,14.05,5.8,-7.5,-0.8,18.8
2022-03-11 00:00,12.74,2.9,-1,0.9,17.1
2022-03-12 00:00,14.28,6.2,-0.6,2.8,15.2
2022-03-13 00:00,14.81,10.6,1.9,6.3,11.7
2022-03-14 00:00,9.94,15.9,7.4,11.7,6.3
2022-03-15 00:00,8.93,12.8,5.3,9,9
2022-03-16 00:00,9,13.9,-2.5,5.7,12.3
2022-03-17 00:00,8.08,6.6,3.3,4.9,13.1
2022-03-18 00:00,9.04,10.5,1.7,6.1,11.9
2022-03-19 00:00,12.51,13.8,3.6,8.7,9.3
2022-03-20 00:00,10.75,10.5,-4.1,3.2,14.8
2022-03-21 00:00,8.18,14.3,3.1,8.7,9.3
2022-03-22 00:00,9.65,11.1,5.5,8.3,9.7
2022-03-23 00:00,8.31,19.9,4.4,12.2,5.8
2022-03-24 00:00,7.75,12.3,0.7,6.5,11.5
2022-03-25 00:00,8.41,14.9,5.6,10.3,7.7
2022-03-26 00:00,10.73,14.1,5.1,9.6,8.4
2022-03-27 00:00,11.56,11,5.6,8.3,9.7
2022-03-28 00:00,7.84,15,5.4,10.2,7.8
2022-03-29 00:00,9.95,17.1,-2.2,7.5,10.5
2022-03-30 00:00,8.51,10.8,3.1,7,11
2022-03-31 00:00,7.35,12.9,0,6.4,11.6
2022-04-01 00:00,8.71,13.6,-2.2,5.7,12.3
2022-04-02 00:00,9.45,15.4,3.8,9.6,8.4
2022-04-03 00:00,10.41,16.6,6.1,11.3,6.7
2022-04-04 00:00,10.54,14,5.7,9.9,8.1
2022-04-05 00:00,8.15,12,2.5,7.2,10.8
2022-04-06 00:00,6.08,12.7,-1.7,5.5,12.5
2022-04-07 00:00,6.08,18.4,7,12.7,5.3
2022-04-08 00:00,7.7,16.8,6.7,11.8,6.2
2022-04-09 00:00,8.05,8.5,-2.1,3.2,14.8
2022-04-10 00:00,10.59,10.1,-4.1,3,15
2022-04-11 00:00,10.06,10.9,-4.1,3.4,14.6
2022-04-12 00:00,5.99,10.4,1.5,5.9,12.1
2022-04-13 00:00,6.61,9.2,0.5,4.8,13.2
2022-04-14 00:00,10.96,10.6,-5,2.8,15.2
2022-04-15 00:00,8.72,11,-4,3.5,14.5
2022-04-16 00:00,9.49,13.1,-4.9,4.1,13.9
2022-04-17 00:00,9.25,14.3,-3.5,5.4,12.6
2022-04-18 00:00,9.29,10,6.2,8.1,9.9
2022-04-19 00:00,7.96,14.4,2.2,8.3,9.7
2022-04-20 00:00,6.3,15.7,-2.3,6.7,11.3
2022-04-21 00:00,7.25,14.5,3.2,8.9,9.1
2022-04-22 00:00,7.33,17.7,3.2,10.5,7.5
2022-04-23 00:00,9.02,20.5,1.6,11,7
2022-04-24 00:00,9.12,22.5,2.5,12.5,5.5
2022-04-25 00:00,7.94,18.5,9.3,13.9,4.1
2022-04-26 00:00,6.69,16.6,2.7,9.7,8.3
2022-04-27 00:00,6.58,14.6,-0.6,7,11
2022-04-28 00:00,9.17,15.7,-0.1,7.8,10.2
2022-04-29 00:00,6.44,17.1,4.1,10.6,7.4
2022-04-30 00:00,7.54,16.9,7.9,12.4,5.6
2022-05-01 00:00,8.58,21,5.9,13.4,4.6
2022-05-02 00:00,9.63,20.4,9.3,14.9,3.1
2022-05-03 00:00,5.96,22.9,8,15.4,2.6
2022-05-04 00:00,7.76,16.3,8.7,12.5,5.5
2022-05-05 00:00,6.34,14.1,8.8,11.5,6.5
2022-05-06 00:00,7.28,17.3,6.4,11.9,6.1
2022-05-07 00:00,8.91,15.7,6.6,11.1,6.9
2022-05-08 00:00,11.87,12.8,5.3,9,9
2022-05-09 00:00,6.24,14.6,4.9,9.7,8.3
2022-05-10 00:00,5.87,14.6,4.8,9.7,8.3
2022-05-11 00:00,6.52,19.1,3.9,11.5,6.5
2022-05-12 00:00,6.63,17.2,6.8,12,6
2022-05-13 00:00,7.77,15.9,4.6,10.2,7.8
2022-05-14 00:00,8.37,16.3,5.4,10.9,7.1
2022-05-15 00:00,7.96,16.5,9.2,12.8,5.2
2022-05-16 00:00,7.61,20.8,10.2,15.5,2.5
2022-05-17 00:00,8.97,16.6,3.2,9.9,8.1
2022-05-18 00:00,9,16,7.7,11.9,6.1
2022-05-19 00:00,6.31,16.4,7,11.7,6.3
2022-05-20 00:00,7.83,17.1,5.4,11.3,6.7
2022-05-21 00:00,8.14,20.9,3.8,12.4,5.6
2022-05-22 00:00,8.5,23.7,3.5,13.6,4.4
2022-05-23 00:00,10.18,19.2,8.1,13.7,4.3
2022-05-24 00:00,8.8,21.2,6.7,13.9,4.1
2022-05-25 00:00,9.97,22.7,9.4,16,2
2022-05-26 00:00,9.93,23,5.8,14.4,3.6
2022-05-27 00:00,10.86,20.2,12.3,16.2,1.8
2022-05-28 00:00,9.09,20.1,4,12,6
2022-05-29 00:00,10.47,23.2,8.8,16,2
2022-05-30 00:00,12.01,24.4,8.3,16.4,1.6
2022-05-31 00:00,10.78,19.7,10.3,15,3
2022-06-01 00:00,9.35,22.7,10.8,16.7,1.3
2022-06-02 00:00,10.58,21.3,12.7,17,1
2022-06-03 00:00,8.7,18.8,12.5,15.7,2.3
2022-06-04 00:00,10.44,22.8,8.6,15.7,2.3
2022-06-05 00:00,11.32,21.5,14,17.8,0.2
2022-06-06 00:00,9.26,22.7,10.6,16.7,1.3
2022-06-07 00:00,7.67,25.5,11,18.3,0
2022-06-08 00:00,8.76,23,15.1,19,0
2022-06-09 00:00,8.45,19.9,8.3,14.1,3.9
2022-06-10 00:00,14.61,25.1,11.1,18.1,0
2022-06-11 00:00,12.86,25.5,10.8,18.2,0
2022-06-12 00:00,11.68,22.3,10,16.2,1.8
2022-06-13 00:00,4.63,17.7,13,15.3,2.7
2022-06-14 00:00,3.67,24.5,10.7,17.6,0.4
2022-06-15 00:00,4.38,26.9,11.3,19.1,0
2022-06-16 00:00,4.77,19.8,11.7,15.8,2.2
2022-06-17 00:00,4.6,16.6,9.2,12.9,5.1
2022-06-18 00:00,4.88,22.7,10.1,16.4,1.6
2022-06-19 00:00,4.57,23.3,12.1,17.7,0.3
2022-06-20 00:00,6.03,27.9,9.1,18.5,0
2022-06-21 00:00,4.87,23.6,14.3,19,0
2022-06-22 00:00,6.22,25.7,10.9,18.3,0
2022-06-23 00:00,4.5,20.9,9.8,15.3,2.7
2022-06-24 00:00,4.72,25,8.9,17,1
2022-06-25 00:00,13.6,28.5,9.1,18.8,0
2022-06-26 00:00,16.13,32.5,11.4,22,0
2022-06-27 00:00,20.87,34.3,14,24.2,0
2022-06-28 00:00,17.22,27.4,18.1,22.8,0
2022-06-29 00:00,13.22,19.7,13.4,16.5,1.5
2022-06-30 00:00,13.8,27.3,12.2,19.7,0
2022-07-01 00:00,7.96,30.4,12.3,21.4,0
2022-07-02 00:00,11.86,31.4,13.4,22.4,0
2022-07-03 00:00,14.7,20.3,13.8,17.1,0.9
2022-07-04 00:00,15.61,24.6,15.1,19.8,0
2022-07-05 00:00,11.62,25.3,13.9,19.6,0
2022-07-06 00:00,10.49,23.7,14.5,19.1,0
2022-07-07 00:00,10.6,25.3,15.3,20.3,0
2022-07-08 00:00,14.51,27.8,11.5,19.7,0
2022-07-09 00:00,14.64,25.2,11.1,18.1,0
2022-07-10 00:00,13.67,27.3,13.7,20.5,0
2022-07-11 00:00,16,34.6,12.4,23.5,0
2022-07-12 00:00,18.81,34.3,15.8,25,0
2022-07-13 00:00,15.61,30.1,16.7,23.4,0
2022-07-14 00:00,21.66,33.3,13.4,23.3,0
2022-07-15 00:00,15.72,32.1,18.3,25.2,0
2022-07-16 00:00,13.75,30,13,21.5,0
2022-07-17 00:00,15.73,27.9,14.8,21.3,0
2022-07-18 00:00,14.99,30.6,15.6,23.1,0
2022-07-19 00:00,15.28,31.7,14.9,23.3,0
2022-07-20 00:00,19.27,33.5,15.9,24.7,0
2022-07-21 00:00,16.26,34.7,15.2,25,0
2022-07-22 00:00,21.09,34.1,17,25.5,0
2022-07-23 00:00,20.04,34,16.9,25.5,0
2022-07-24 00:00,18.16,33.6,15.4,24.5,0
2022-07-25 00:00,18.81,34.6,18.6,26.6,0
2022-07-26 00:00,18.19,35.1,17.5,26.3,0
2022-07-27 00:00,17,38.6,18.1,28.4,0
2022-07-28 00:00,21.86,37.5,19.8,28.7,0
2022-07-29 00:00,23.66,37.9,20.6,29.2,0
2022-07-30 00:00,21.58,39,18.6,28.8,0
2022-07-31 00:00,22.17,38.2,17.9,28.1,0
2022-08-01 00:00,10.24,33.7,19.4,26.5,0
2022-08-02 00:00,16.3,32.5,16.1,24.3,0
2022-08-03 00:00,14.42,26.5,18.7,22.6,0
2022-08-04 00:00,13.09,20.3,12.9,16.6,1.4
2022-08-05 00:00,12.12,24.2,11.5,17.9,0.1
2022-08-06 00:00,13.11,30,9.9,19.9,0
2022-08-07 00:00,18.8,35.4,12.9,24.2,0
2022-08-08 00:00,21.56,35.1,15.5,25.3,0
2022-08-09 00:00,18.83,36.8,15.2,26,0
2022-08-10 00:00,16.8,31.7,19.1,25.4,0
2022-08-11 00:00,16.67,34.4,18.2,26.3,0
2022-08-12 00:00,15.81,34.5,14.7,24.6,0
2022-08-13 00:00,14.02,28.9,16.3,22.6,0
2022-08-14 00:00,14.04,29.6,12.2,20.9,0
2022-08-15 00:00,13.94,33.5,16.6,25,0
2022-08-16 00:00,18.55,34.7,17.9,26.3,0
2022-08-17 00:00,21.97,35.1,16,25.6,0
2022-08-18 00:00,21.57,35.2,16.4,25.8,0
2022-08-19 00:00,18.06,31.3,23.3,27.3,0
2022-08-20 00:00,21.49,34.2,15.7,25,0
2022-08-21 00:00,22.29,32.9,19.9,26.4,0
2022-08-22 00:00,21.65,32.6,15.6,24.1,0
2022-08-23 00:00,19.14,31.1,16.5,23.8,0
2022-08-24 00:00,17.95,34,14.3,24.2,0
2022-08-25 00:00,19.29,35.5,15.8,25.6,0
2022-08-26 00:00,17.19,32.3,17.7,25,0
2022-08-27 00:00,13.73,24.4,14.2,19.3,0
2022-08-28 00:00,14.33,27.3,13.1,20.2,0
2022-08-29 00:00,14.89,31.1,16.7,23.9,0
2022-08-30 00:00,13.8,36,15.7,25.8,0
2022-08-31 00:00,15.68,34.7,14.8,24.7,0
2022-09-01 00:00,14.51,35.1,16.5,25.8,0
2022-09-02 00:00,16.95,37.9,16.1,27,0
2022-09-03 00:00,22.31,33.6,18.9,26.3,0
2022-09-04 00:00,15.96,26.3,17.5,21.9,0
2022-09-05 00:00,14.77,26,11.1,18.5,0
2022-09-06 00:00,10.68,30.7,10.6,20.7,0
2022-09-07 00:00,9.85,29.4,12.3,20.8,0
2022-09-08 00:00,9.38,23.5,13.1,18.3,0
2022-09-09 00:00,8.77,25,8.4,16.7,1.3
2022-09-10 00:00,10.6,27.8,7.2,17.5,0.5
2022-09-11 00:00,14.24,23.6,12.1,17.8,0.2
2022-09-12 00:00,8.58,22.3,8.8,15.5,2.5
2022-09-13 00:00,9.22,23.3,12.1,17.7,0.3
2022-09-14 00:00,6.3,19.5,14.7,17.1,0.9
2022-09-15 00:00,6.99,23.4,13.1,18.2,0
2022-09-16 00:00,9.25,21.4,6.6,14,4
2022-09-17 00:00,8.95,16.8,6.6,11.7,6.3
2022-09-18 00:00,9.45,20.9,4,12.5,5.5
2022-09-19 00:00,10.11,22.6,6.3,14.4,3.6
2022-09-20 00:00,9.72,21.7,4.6,13.2,4.8
2022-09-21 00:00,7.97,21.9,3.1,12.5,5.5
2022-09-22 00:00,9.59,23.9,3.9,13.9,4.1
2022-09-23 00:00,9.45,22.1,11.2,16.6,1.4
2022-09-24 00:00,11.17,23.5,7.5,15.5,2.5
2022-09-25 00:00,11.71,25.6,8.9,17.2,0.8
2022-09-26 00:00,8.91,26.7,9.6,18.1,0
2022-09-27 00:00,10.49,28.1,8.2,18.1,0
2022-09-28 00:00,11.14,22.6,9.3,16,2
2022-09-29 00:00,11.28,25.1,13.6,19.3,0
2022-09-30 00:00,8.6,26.3,10.9,18.6,0
2022-10-01 00:00,3.47,25.6,7.6,16.6,1.4
2022-10-02 00:00,12.25,25.1,7.7,16.4,1.6
2022-10-03 00:00,11.52,23.9,7.4,15.7,2.3
2022-10-04 00:00,10.94,23.9,6.7,15.3,2.7
2022-10-05 00:00,9.76,25.1,8.3,16.7,1.3
2022-10-06 00:00,11.22,23.7,7,15.4,2.6
2022-10-07 00:00,12.46,20.1,7.9,14,4
2022-10-08 00:00,10.58,23.5,6,14.7,3.3
2022-10-09 00:00,12.11,22.8,4.8,13.8,4.2
2022-10-10 00:00,12.29,22.2,4.8,13.5,4.5
2022-10-11 00:00,9.1,17.7,5.1,11.4,6.6
2022-10-12 00:00,9.82,22.6,3.8,13.2,4.8
2022-10-13 00:00,8.25,19.5,4.4,12,6
2022-10-14 00:00,9.29,20.8,2.7,11.7,6.3
2022-10-15 00:00,10.87,20.4,3.2,11.8,6.2
2022-10-16 00:00,12.27,20,4.5,12.3,5.7
2022-10-17 00:00,9.86,17.7,2.2,9.9,8.1
2022-10-18 00:00,9.35,18,2.5,10.2,7.8
2022-10-19 00:00,10.48,16,0.8,8.4,9.6
2022-10-20 00:00,8.46,14.4,6,10.2,7.8
2022-10-21 00:00,13.96,11,4.5,7.7,10.3
2022-10-22 00:00,13.7,12.9,1.2,7,11
2022-10-23 00:00,19.56,12.5,0.1,6.3,11.7
2022-10-24 00:00,8.87,13.2,6.1,9.7,8.3
2022-10-25 00:00,8.73,12.9,0.6,6.8,11.2
2022-10-26 00:00,7.83,10.2,2.9,6.6,11.4
2022-10-27 00:00,10.47,19,7.7,13.4,4.6
2022-10-28 00:00,9.94,16.1,8.5,12.3,5.7
2022-10-29 00:00,11.47,14.4,8.8,11.6,6.4
2022-10-30 00:00,12.85,18.2,10.8,14.5,3.5
2022-10-31 00:00,8.87,17,2.9,10,8
2022-11-01 00:00,9.98,8.1,0.9,4.5,13.5
2022-11-02 00:00,11.61,4.2,-6.4,-1.1,19.1
2022-11-03 00:00,12.54,0.8,-8.8,-4,22
2022-11-04 00:00,15.49,4.2,0.4,2.3,15.7
2022-11-05 00:00,15.65,6.9,-0.8,3.1,14.9
2022-11-06 00:00,17.17,1.6,-1.9,-0.1,18.1
2022-11-07 00:00,14.82,0,-8.6,-4.3,22.3
2022-11-08 00:00,16.44,-6.2,-11.7,-8.9,26.9
2022-11-09 00:00,25.03,-6.3,-14.1,-10.2,28.2
2022-11-10 00:00,24.02,-6,-12.9,-9.5,27.5
2022-11-11 00:00,18.76,-2.7,-7.9,-5.3,23.3
2022-11-12 00:00,19.53,0,-5.9,-2.9,20.9
2022-11-13 00:00,19.99,0.4,-5.6,-2.6,20.6
2022-11-14 00:00,14.99,0.2,-5.3,-2.6,20.6
2022-11-15 00:00,11.32,0.8,-2,-0.6,18.6
2022-11-16 00:00,12.18,0.4,-3.2,-1.4,19.4
2022-11-17 00:00,13.29,-0.9,-9.1,-5,23
2022-11-18 00:00,18.68,-4.7,-9.9,-7.3,25.3
2022-11-19 00:00,21.67,-3,-7.3,-5.2,23.2
2022-11-20 00:00,21.11,-0.5,-7.1,-3.8,21.8
2022-11-21 00:00,15.33,1.9,-4.9,-1.5,19.5
2022-11-22 00:00,14.18,2.8,-0.8,1,17
2022-11-23 00:00,10.86,2.6,0.1,1.4,16.6
2022-11-24 00:00,13.56,6,1.9,4,14
2022-11-25 00:00,16.01,4.9,-1.7,1.6,16.4
2022-11-26 00:00,18.2,8,-2.3,2.8,15.2
2022-11-27 00:00,17.41,6.5,-1.9,2.3,15.7
2022-11-28 00:00,14.99,-1.8,-9.8,-5.8,23.8
2022-11-29 00:00,17.38,-6.5,-12.8,-9.7,27.7
2022-11-30 00:00,14.85,0.5,-10.6,-5,23
2022-12-01 00:00,26.77,-10.6,-17.7,-14.1,32.1
2022-12-02 00:00,33.37,-13,-20.3,-16.6,34.6
2022-12-03 00:00,30.31,-8.6,-14.6,-11.6,29.6
2022-12-04 00:00,20.64,-5.8,-11.8,-8.8,26.8
2022-12-05 00:00,17.64,-6.6,-10.8,-8.7,26.7
2022-12-06 00:00,19.9,-4,-11.3,-7.6,25.6
2022-12-07 00:00,20.59,-1.9,-11.2,-6.6,24.6
2022-12-08 00:00,18.1,1.7,-4.1,-1.2,19.2
2022-12-09 00:00,20.77,-0.1,-10.1,-5.1,23.1
2022-12-10 00:00,17.11,2.3,-0.5,0.9,17.1
2022-12-11 00:00,15.09,2.9,-0.2,1.3,16.7
2022-12-12 00:00,14.62,-0.2,-4.9,-2.6,20.6
2022-12-13 00:00,17.9,-1.2,-4.5,-2.9,20.9
2022-12-14 00:00,19.59,-2.2,-9.7,-5.9,23.9
2022-12-15 00:00,18.34,-1.2,-9.1,-5.2,23.2
2022-12-16 00:00,18.88,-3.9,-9.2,-6.6,24.6
2022-12-17 00:00,16.05,-2.4,-10.4,-6.4,24.4
2022-12-18 00:00,22.9,-10.3,-20.3,-15.3,33.3
2022-12-19 00:00,41.8,-18.9,-23.6,-21.3,39.3
2022-12-20 00:00,37.58,-19.7,-23.1,-21.4,39.4
2022-12-21 00:00,44.92,-19.7,-26.6,-23.1,41.1
2022-12-22 00:00,45.76,-22,-30.2,-26.1,44.1
2022-12-23 00:00,32.9,-9.1,-22.1,-15.6,33.6
2022-12-24 00:00,24.16,-2.9,-10.1,-6.5,24.5
2022-12-25 00:00,23.97,-0.7,-7.8,-4.2,22.2
2022-12-26 00:00,17.99,9.9,-1,4.4,13.6
2022-12-27 00:00,18.18,4.5,1.6,3.1,14.9
2022-12-28 00:00,16.45,4,-1.1,1.5,16.5
2022-12-29 00:00,17.02,1.2,-3.8,-1.3,19.3
2022-12-30 00:00,14.28,2.3,0,1.1,16.9
2022-12-31 00:00,10.05,2.2,0,1.1,16.9
2023-01-01 00:00,20.03,1.9,-1.3,0.3,17.7
2023-01-02 00:00,15.25,1.6,-3.8,-1.1,19.1
2023-01-03 00:00,14.75,-2,-7.5,-4.7,22.7
2023-01-04 00:00,14.65,2,-6.6,-2.3,20.3
2023-01-05 00:00,15.5,3.9,-0.7,1.6,16.4
2023-01-06 00:00,19.77,5.7,0.7,3.2,14.8
2023-01-07 00:00,17.24,5.8,2.5,4.1,13.9
2023-01-08 00:00,16.83,4.3,1.2,2.8,15.2
2023-01-09 00:00,10.27,4.1,-0.8,1.7,16.3
2023-01-10 00:00,12.27,4.2,-0.2,2,16
2023-01-11 00:00,12.92,2,-0.7,0.7,17.3
2023-01-12 00:00,10.54,7.3,0.3,3.8,14.2
2023-01-13 00:00,16.18,9.5,3.9,6.7,11.3
2023-01-14 00:00,11.47,6.3,2.7,4.5,13.5
2023-01-15 00:00,13.47,5.5,2.1,3.8,14.2
2023-01-16 00:00,11.83,3.9,-0.4,1.7,16.3
2023-01-17 00:00,8.6,4.2,0.4,2.3,15.7
2023-01-18 00:00,10.39,7,2.7,4.9,13.1
2023-01-19 00:00,11.97,4,-1.8,1.1,16.9
2023-01-20 00:00,10.97,2.1,-3.7,-0.8,18.8
2023-01-21 00:00,17.56,1.9,-3.5,-0.8,18.8
2023-01-22 00:00,18.87,3,-6.7,-1.9,19.9
2023-01-23 00:00,9.13,1.5,-3.9,-1.2,19.2
2023-01-24 00:00,11.29,1.7,-4.2,-1.2,19.2
2023-01-25 00:00,10.16,7.4,-0.7,3.3,14.7
2023-01-26 00:00,10.35,6.5,0.5,3.5,14.5
2023-01-27 00:00,11.33,9.5,2.3,5.9,12.1
2023-01-28 00:00,10.63,5.2,-6.5,-0.7,18.7
2023-01-29 00:00,19.34,-5.9,-11.1,-8.5,26.5
2023-01-30 00:00,21.02,-6.3,-12.7,-9.5,27.5
2023-01-31 00:00,13.7,-4.1,-7.1,-5.6,23.6
2023-02-01 00:00,19.7,-1.1,-4.5,-2.8,20.8
2023-02-02 00:00,11.73,0.9,-2.3,-0.7,18.7
2023-02-03 00:00,21.67,2.9,-0.7,1.1,16.9
2023-02-04 00:00,18.82,5.5,0.9,3.2,14.8
2023-02-05 00:00,13.94,7,0.5,3.8,14.2
2023-02-06 00:00,8.9,9.7,-1.7,4,14
2023-02-07 00:00,8.69,11.2,1.5,6.4,11.6
2023-02-08 00:00,8.57,7.5,-4,1.7,16.3
2023-02-09 00:00,9.44,5.4,1,3.2,14.8
2023-02-10 00:00,13.17,12.1,1.1,6.6,11.4
2023-02-11 00:00,14.51,4.2,-4.3,-0.1,18.1
2023-02-12 00:00,13.51,5.4,-1.1,2.2,15.8
2023-02-13 00:00,8.65,6.5,-2.4,2.1,15.9
2023-02-14 00:00,11.58,5.8,-3.3,1.3,16.7
2023-02-15 00:00,11.98,3.3,-7.1,-1.9,19.9
2023-02-16 00:00,12.14,3.6,-0.3,1.6,16.4
2023-02-17 00:00,14.73,4.1,-5,-0.4,18.4
2023-02-18 00:00,15.97,10.1,-3.3,3.4,14.6
2023-02-19 00:00,7.38,3.9,-0.6,1.7,16.3
2023-02-20 00:00,12.78,4.6,-0.5,2,16
2023-02-21 00:00,12.52,3.1,-7.4,-2.1,20.1
2023-02-22 00:00,21.95,-7.4,-13,-10.2,28.2
2023-02-23 00:00,24.92,-9.3,-14.6,-11.9,29.9
2023-02-24 00:00,20.45,-7.6,-16.2,-11.9,29.9
2023-02-25 00:00,25.81,-3.1,-9.6,-6.3,24.3
2023-02-26 00:00,25.42,-1.2,-9.9,-5.5,23.5
2023-02-27 00:00,13.62,-0.8,-8.6,-4.7,22.7
2023-02-28 00:00,15.35,1.8,-2,-0.1,18.1
2023-03-01 00:00,13.58,2.9,-4.7,-0.9,18.9
2023-03-02 00:00,11.78,7.6,0.7,4.1,13.9
2023-03-03 00:00,14.85,6.9,-2.3,2.3,15.7
2023-03-04 00:00,15.93,3.5,-3.5,0,18
2023-03-05 00:00,18.48,4.5,-1,1.8,16.2
2023-03-06 00:00,9.5,3.8,-3.2,0.3,17.7
2023-03-07 00:00,8.52,7.7,-4.9,1.4,16.6
2023-03-08 00:00,10.1,8.4,-1.5,3.5,14.5
2023-03-09 00:00,10.53,7.5,-3.8,1.8,16.2
2023-03-10 00:00,15.27,6.6,0,3.3,14.7
2023-03-11 00:00,9.61,8.3,-2.3,3,15
2023-03-12 00:00,8.61,9,-1.4,3.8,14.2
2023-03-13 00:00,6.97,12.6,2.2,7.4,10.6
2023-03-14 00:00,10.31,8.6,-1.3,3.7,14.3
2023-03-15 00:00,8.63,11,-1.9,4.5,13.5
2023-03-16 00:00,8.96,10.1,-4.2,3,15
2023-03-17 00:00,11.97,12.8,-1.6,5.6,12.4
2023-03-18 00:00,13.14,14.1,0.4,7.3,10.7
2023-03-19 00:00,13.52,14.7,-2.3,6.2,11.8
2023-03-20 00:00,6.87,13.6,2.6,8.1,9.9
2023-03-21 00:00,9.74,15.5,-3.1,6.2,11.8
2023-03-22 00:00,7.68,15.8,-3.7,6.1,11.9
2023-03-23 00:00,5.81,13.6,-1.7,6,12
2023-03-24 00:00,9.76,9.9,-0.1,4.9,13.1
2023-03-25 00:00,8.75,10.9,-2,4.5,13.5
2023-03-26 00:00,9.18,12.6,0.1,6.4,11.6
2023-03-27 00:00,4.67,11.8,-1.8,5,13
2023-03-28 00:00,6.43,13.4,-3.2,5.1,12.9
2023-03-29 00:00,7.88,13.1,-4.2,4.5,13.5
2023-03-30 00:00,5.87,16.2,-3.4,6.4,11.6
2023-03-31 00:00,6.79,9.5,0.7,5.1,12.9
2023-04-01 00:00,12.21,10.9,1.3,6.1,11.9
2023-04-02 00:00,10.05,10.1,-4.3,2.9,15.1
2023-04-03 00:00,7.54,10.7,-3.5,3.6,14.4
2023-04-04 00:00,7.62,12.3,-4.1,4.1,13.9
2023-04-05 00:00,6.28,13.3,-3.8,4.8,13.2
2023-04-06 00:00,10.11,13.4,1,7.2,10.8
2023-04-07 00:00,11.15,17.2,8.9,13.1,4.9
2023-04-08 00:00,9.42,16.5,7.4,11.9,6.1
2023-04-09 00:00,8.21,19.2,8.8,14,4
2023-04-10 00:00,9.62,11.9,2.4,7.2,10.8
2023-04-11 00:00,5.81,12.9,1.2,7,11
2023-04-12 00:00,6.7,11.6,-1.2,5.2,12.8
2023-04-13 00:00,5.41,12.9,-2.9,5,13
2023-04-14 00:00,7.11,14.6,-0.5,7.1,10.9
2023-04-15 00:00,9.01,14,4.5,9.3,8.7
2023-04-16 00:00,8.61,15.2,7.3,11.2,6.8
2023-04-17 00:00,7.03,14.6,1.3,7.9,10.1
2023-04-18 00:00,6.64,12.8,3.8,8.3,9.7
2023-04-19 00:00,5.46,14.9,-1.5,6.7,11.3
2023-04-20 00:00,8.08,13.7,-1.9,5.9,12.1
2023-04-21 00:00,5.05,13.5,4.2,8.9,9.1
2023-04-22 00:00,3.94,17.2,2.6,9.9,8.1
2023-04-23 00:00,7.65,13.2,8,10.6,7.4
2023-04-24 00:00,7.18,17.7,5.1,11.4,6.6
2023-04-25 00:00,4.95,19.5,4,11.8,6.2
2023-04-26 00:00,6.32,22.8,7,14.9,3.1
2023-04-27 00:00,9.23,21.5,4.2,12.8,5.2
2023-04-28 00:00,8.88,27.5,6.9,17.2,0.8
2023-04-29 00:00,10.66,31.6,9.5,20.5,0
2023-04-30 00:00,12.35,25.9,8.4,17.1,0.9
2023-05-01 00:00,7.39,18.9,11.4,15.2,2.8
2023-05-02 00:00,11.13,26.7,10.1,18.4,0
2023-05-03 00:00,8.88,26,10.7,18.4,0
2023-05-04 00:00,10.89,30.7,9.5,20.1,0
2023-05-05 00:00,8.54,21.1,12,16.6,1.4
2023-05-06 00:00,10.03,13.5,9.8,11.7,6.3
2023-05-07 00:00,9.56,14.1,9.1,11.6,6.4
2023-05-08 00:00,9.07,18.4,8.9,13.7,4.3
2023-05-09 00:00,10,19.1,8.2,13.7,4.3
2023-05-10 00:00,9.57,23.5,7.8,15.7,2.3
2023-05-11 00:00,9.39,25.1,6.1,15.6,2.4
2023-05-12 00:00,9.75,28.8,6.4,17.6,0.4
2023-05-13 00:00,13.19,31.6,9.3,20.5,0
2023-05-14 00:00,14.86,32.7,9.8,21.2,0
2023-05-15 00:00,12.88,32.6,10.6,21.6,0
2023-05-16 00:00,20.25,34.1,13.6,23.8,0
2023-05-17 00:00,11.73,29.6,13.6,21.6,0
2023-05-18 00:00,11.45,31.8,10.7,21.2,0
2023-05-19 00:00,15.52,32,13.3,22.7,0
2023-05-20 00:00,18.35,32.6,11.8,22.2,0
2023-05-21 00:00,14.71,24.8,14.3,19.5,0
2023-05-22 00:00,10.15,20.4,13.4,16.9,1.1
2023-05-23 00:00,9.1,15.6,11,13.3,4.7
2023-05-24 00:00,9.58,19.3,10.3,14.8,3.2
2023-05-25 00:00,12.89,24.7,7.2,16,2
2023-05-26 00:00,13.52,29.3,9,19.1,0
2023-05-27 00:00,14.63,29.2,11,20.1,0
2023-05-28 00:00,6.18,28.9,12,20.4,0
2023-05-29 00:00,6.21,28.9,11.1,20,0
2023-05-30 00:00,5.71,26.8,9.2,18,0
2023-05-31 00:00,4.57,24.4,8.9,16.7,1.3
2023-06-01 00:00,4.97,26.9,13.1,20,0
2023-06-02 00:00,5.4,30.4,10.3,20.4,0
2023-06-03 00:00,6.57,31.5,10.8,21.1,0
2023-06-04 00:00,5.87,28.2,13.7,20.9,0
2023-06-05 00:00,4.55,23.6,9.6,16.6,1.4
2023-06-06 00:00,4.86,28.9,7.9,18.4,0
2023-06-07 00:00,14.34,34.4,9,21.7,0
2023-06-08 00:00,18.9,35.7,11.5,23.6,0
2023-06-09 00:00,14.26,29.2,18.2,23.7,0
2023-06-10 00:00,17.18,24,16.7,20.3,0
2023-06-11 00:00,12.39,28.8,16.7,22.7,0
2023-06-12 00:00,18.07,33.5,14.5,24,0
2023-06-13 00:00,11.92,26.3,13.3,19.8,0
2023-06-14 00:00,11.29,19.5,13.3,16.4,1.6
2023-06-15 00:00,13.75,27.3,12.2,19.8,0
2023-06-16 00:00,12.21,25.6,16.3,21,0
2023-06-17 00:00,12.74,24.4,11.4,17.9,0.1
2023-06-18 00:00,9.32,18.8,10.8,14.8,3.2
2023-06-19 00:00,9.57,13.2,10.7,12,6
2023-06-20 00:00,9.44,17.3,9.5,13.4,4.6
2023-06-21 00:00,8.62,21.7,10.8,16.3,1.7
2023-06-22 00:00,10.94,26.7,7.7,17.2,0.8
2023-06-23 00:00,10.77,28.8,10.3,19.5,0
2023-06-24 00:00,11.87,24.1,15.7,19.9,0
2023-06-25 00:00,11.96,25.7,12.3,19,0
2023-06-26 00:00,14.08,32.3,12.5,22.4,0
2023-06-27 00:00,14.67,34.2,15.4,24.8,0
2023-06-28 00:00,19.26,34.7,15.3,25,0
2023-06-29 00:00,15.4,33,17.8,25.4,0
2023-06-30 00:00,17.37,34.1,14.1,24.1,0
2023-07-01 00:00,10.01,30.3,14.4,22.4,0
2023-07-02 00:00,9.03,26.8,11.6,19.2,0
2023-07-03 00:00,17.99,28,10.1,19.1,0
2023-07-04 00:00,16.22,31.6,13.2,22.4,0
2023-07-05 00:00,16.19,33,13.2,23.1,0
2023-07-06 00:00,17.74,33.5,13.9,23.7,0
2023-07-07 00:00,18.97,33.8,18,25.9,0
2023-07-08 00:00,17.77,35.6,15.1,25.4,0
2023-07-09 00:00,18.73,31.2,16.5,23.9,0
2023-07-10 00:00,16.82,34.1,16.1,25.1,0
2023-07-11 00:00,16.21,33.7,17.4,25.5,0
2023-07-12 00:00,14.21,31.4,15.7,23.5,0
2023-07-13 00:00,13.88,29.9,15.5,22.7,0
2023-07-14 00:00,17.11,33,15,24,0
2023-07-15 00:00,11.12,34.6,15.9,25.2,0
2023-07-16 00:00,9.58,35.2,15.2,25.2,0
2023-07-17 00:00,18.56,28.2,14.9,21.5,0
2023-07-18 00:00,13.14,,,,
2023-07-19 00:00,13.89,,,,
2023-07-20 00:00,16.08,37.8,17.4,27.6,0
2023-07-21 00:00,21.29,36.8,17.1,26.9,0
2023-07-22 00:00,13.41,33.1,20.9,27,0
2023-07-23 00:00,19.09,34.3,15,24.6,0
2023-07-24 00:00,15.83,28.2,16.1,22.1,0
2023-07-25 00:00,11.47,25.1,11.5,18.3,0
2023-07-26 00:00,10.03,26.6,10.4,18.5,0
2023-07-27 00:00,11.29,30.4,11.8,21.1,0
2023-07-28 00:00,14.5,30.3,16.7,23.5,0
2023-07-29 00:00,12.99,34.3,14.8,24.6,0
2023-07-30 00:00,11.33,32.3,15.3,23.8,0
2023-07-31 00:00,16.69,29.9,12.3,21.1,0
2023-08-01 00:00,16.34,32,13.3,22.7,0
2023-08-02 00:00,15.26,29.8,12.7,21.3,0
2023-08-03 00:00,12.71,30.9,13.3,22.1,0
2023-08-04 00:00,18.08,33.7,13.5,23.6,0
2023-08-05 00:00,16.85,35.5,15.3,25.4,0
2023-08-06 00:00,18.72,36,15.5,25.8,0
2023-08-07 00:00,20.53,31.7,21.8,26.7,0
2023-08-08 00:00,17.33,28.2,18.9,23.5,0
2023-08-09 00:00,15.86,26.7,17.2,22,0
2023-08-10 00:00,12.6,26.7,14.9,20.8,0
2023-08-11 00:00,15.03,29.6,12.4,21,0
2023-08-12 00:00,17.2,31.1,16.7,23.9,0
2023-08-13 00:00,15.17,35.5,14.7,25.1,0
2023-08-14 00:00,15.44,37.8,17.4,27.6,0
2023-08-15 00:00,17.57,39.6,17.9,28.8,0
2023-08-16 00:00,15.23,35.3,22.7,29,0
2023-08-17 00:00,17.45,37.3,17.5,27.4,0
2023-08-18 00:00,19.09,30,17,23.5,0
2023-08-19 00:00,13.39,26.7,10.1,18.4,0
2023-08-20 00:00,13.76,27.9,9.9,18.9,0
2023-08-21 00:00,10.41,25.7,12.6,19.1,0
2023-08-22 00:00,14.83,27.5,12.9,20.2,0
2023-08-23 00:00,10.77,17.4,10.9,14.1,3.9
2023-08-24 00:00,11.6,23.9,13.4,18.6,0
2023-08-25 00:00,15.58,27.2,9.8,18.5,0
2023-08-26 00:00,7.92,31.5,11.1,21.3,0
2023-08-27 00:00,7.15,34.3,12.1,23.2,0
2023-08-28 00:00,18.24,33.9,13.4,23.7,0
2023-08-29 00:00,13.44,27.2,13,20.1,0
2023-08-30 00:00,11.62,28,19,23.5,0
2023-08-31 00:00,8.12,19.9,14.4,17.2,0.8
2023-09-01 00:00,13.42,25.8,12.7,19.3,0
2023-09-02 00:00,10.71,29.1,11,20,0
2023-09-03 00:00,12.12,23.3,13.9,18.6,0
2023-09-04 00:00,9.84,25.1,11,18.1,0
2023-09-05 00:00,9.88,25.2,12.9,19,0
2023-09-06 00:00,9.96,24.6,9,16.8,1.2
2023-09-07 00:00,8.96,25.7,12.7,19.2,0
2023-09-08 00:00,8.53,27.8,9.1,18.5,0
2023-09-09 00:00,13.8,30.2,7.7,18.9,0
2023-09-10 00:00,14.28,32.4,11.1,21.7,0
2023-09-11 00:00,7.77,25.6,16.9,21.3,0
2023-09-12 00:00,8.82,24.2,10.4,17.3,0.7
2023-09-13 00:00,6.87,25.2,9.4,17.3,0.7
2023-09-14 00:00,10.81,27.8,7.5,17.6,0.4
2023-09-15 00:00,8.89,32.7,11.7,22.2,0
2023-09-16 00:00,13.28,32.4,7.1,19.8,0
2023-09-17 00:00,15.12,27.4,13.1,20.3,0
2023-09-18 00:00,8.5,20,9.6,14.8,3.2
2023-09-19 00:00,6.43,15.7,5.8,10.8,7.2
2023-09-20 00:00,7.63,17.9,9.2,13.5,4.5
2023-09-21 00:00,8.45,21.2,3.3,12.3,5.7
2023-09-22 00:00,8.86,24.6,3.6,14.1,3.9
2023-09-23 00:00,9.39,17.9,12.5,15.2,2.8
2023-09-24 00:00,9.79,20.6,5.6,13.1,4.9
2023-09-25 00:00,7.13,18.6,14.1,16.4,1.6
2023-09-26 00:00,7.86,21,11.2,16.1,1.9
2023-09-27 00:00,6.8,15.6,8.7,12.1,5.9
2023-09-28 00:00,7.24,15.8,7.3,11.5,6.5
2023-09-29 00:00,8.38,15,8.3,11.7,6.3
2023-09-30 00:00,9,17.7,6.2,12,6
2023-10-01 00:00,12.72,18.8,2.4,10.6,7.4
2023-10-02 00:00,10.72,15.5,6.8,11.2,6.8
2023-10-03 00:00,7.2,19.5,6.1,12.8,5.2
2023-10-04 00:00,5.74,18.5,10.6,14.5,3.5
2023-10-05 00:00,6.29,20.8,11.3,16.1,1.9
2023-10-06 00:00,7.3,20.4,6,13.2,4.8
2023-10-07 00:00,10.21,22.3,7.6,15,3
2023-10-08 00:00,13.38,24.1,9.9,17,1
2023-10-09 00:00,10.51,21.8,10.6,16.2,1.8
2023-10-10 00:00,7.08,15.9,11.4,13.6,4.4
2023-10-11 00:00,6.95,18.8,6.7,12.7,5.3
2023-10-12 00:00,5.68,17.1,2.1,9.6,8.4
2023-10-13 00:00,9.03,20.5,6.1,13.3,4.7
2023-10-14 00:00,12.85,17.8,10.6,14.2,3.8
2023-10-15 00:00,13.02,18.8,11.2,15,3
2023-10-16 00:00,7.5,21.9,11.7,16.8,1.2
2023-10-17 00:00,7.16,17.3,2.7,10,8
2023-10-18 00:00,6.61,15.3,11.1,13.2,4.8
2023-10-19 00:00,6.67,25.1,11.6,18.4,0
2023-10-20 00:00,8.47,18.3,8.5,13.4,4.6
2023-10-21 00:00,7.72,12.2,6.3,9.3,8.7
2023-10-22 00:00,17.31,14.4,2.3,8.4,9.6
2023-10-23 00:00,7.6,11.5,4.6,8.1,9.9
2023-10-24 00:00,9.53,5.7,1.8,3.7,14.3
2023-10-25 00:00,8.9,5,-2.5,1.2,16.8
2023-10-26 00:00,11.88,6.3,-2.1,2.1,15.9
2023-10-27 00:00,16.04,7.7,-4.2,1.7,16.3
2023-10-28 00:00,22.21,5.7,-8.2,-1.3,19.3
2023-10-29 00:00,20.26,6.6,-8.3,-0.8,18.8
2023-10-30 00:00,11.25,7.8,-6.4,0.7,17.3
2023-10-31 00:00,15.21,6.4,-5.5,0.5,17.5
2023-11-01 00:00,13.68,6.8,-3.4,1.7,16.3
2023-11-02 00:00,10.6,6.2,1.4,3.8,14.2
2023-11-03 00:00,12.21,7.6,3.9,5.8,12.2
2023-11-04 00:00,14.41,12.3,6.8,9.5,8.5
2023-11-05 00:00,14.98,15.2,6.9,11,7
2023-11-06 00:00,7.07,9.5,4.6,7,11
2023-11-07 00:00,5.91,12.1,0.5,6.3,11.7
2023-11-08 00:00,8.63,7.9,-1.6,3.2,14.8
2023-11-09 00:00,10.04,7.9,-1.7,3.1,14.9
2023-11-10 00:00,16.38,11.4,0,5.7,12.3
2023-11-11 00:00,9.21,13.2,4.8,9,9
2023-11-12 00:00,13.73,9.4,-0.1,4.6,13.4
2023-11-13 00:00,17.03,11.9,-1.2,5.4,12.6
2023-11-14 00:00,9.31,6.3,-5.4,0.4,17.6
2023-11-15 00:00,9.14,2.1,-1,0.5,17.5
2023-11-16 00:00,18.22,2.9,-2.7,0.1,17.9
2023-11-17 00:00,12.5,7.4,-3.3,2.1,15.9
2023-11-18 00:00,17.32,7.1,-1.8,2.7,15.3
2023-11-19 00:00,16.62,7.5,-1.1,3.2,14.8
2023-11-20 00:00,8.05,3.6,-4.6,-0.5,18.5
2023-11-21 00:00,11.11,10.2,1.4,5.8,12.2
2023-11-22 00:00,9.03,9,1.8,5.4,12.6
2023-11-23 00:00,9.69,8.3,-1.6,3.3,14.7
2023-11-24 00:00,14.1,1.8,-3.5,-0.8,18.8
2023-11-25 00:00,18.4,2.9,-4.5,-0.8,18.8
2023-11-26 00:00,17.96,3.7,0,1.9,16.1
2023-11-27 00:00,8.93,5.6,2.2,3.9,14.1
2023-11-28 00:00,9.98,5.1,-2.3,1.4,16.6
2023-11-29 00:00,10.57,1.6,-3.9,-1.2,19.2
2023-11-30 00:00,12.17,1.7,-0.8,0.5,17.5
2023-12-01 00:00,12.65,1.2,-1.3,0,18
2023-12-02 00:00,21.03,3.3,-1.7,0.8,17.2
2023-12-03 00:00,17.05,3.7,-4.2,-0.3,18.3
2023-12-04 00:00,12.27,4.8,-0.3,2.2,15.8
2023-12-05 00:00,11.92,8.2,3.2,5.7,12.3
2023-12-06 00:00,14.68,4.7,-0.2,2.3,15.7
2023-12-07 00:00,9.82,5.5,-0.5,2.5,15.5
2023-12-08 00:00,14.07,2.7,-5.5,-1.4,19.4
2023-12-09 00:00,10.54,2.4,-7.1,-2.4,20.4
2023-12-10 00:00,16.29,4,0.3,2.2,15.8
2023-12-11 00:00,18.13,2.7,0.4,1.6,16.4
2023-12-12 00:00,15.99,3.7,0.3,2,16
2023-12-13 00:00,10.96,5.2,-1,2.1,15.9
2023-12-14 00:00,13.89,3.3,1.1,2.2,15.8
2023-12-15 00:00,17.93,4.2,0.9,2.5,15.5
2023-12-16 00:00,11.24,5.6,0.5,3,15
2023-12-17 00:00,15.3,5.4,0.8,3.1,14.9
2023-12-18 00:00,10.83,4.5,0.9,2.7,15.3
2023-12-19 00:00,10.51,5.8,2.7,4.2,13.8
2023-12-20 00:00,15.05,6.5,3.4,4.9,13.1
2023-12-21 00:00,16.02,7.3,4,5.7,12.3
2023-12-22 00:00,11.22,9.3,1.5,5.4,12.6
2023-12-23 00:00,19.04,3.5,-4.3,-0.4,18.4
2023-12-24 00:00,13.47,1.6,-3.8,-1.1,19.1
2023-12-25 00:00,12.55,4.7,0.1,2.4,15.6
2023-12-26 00:00,19.29,7,2.4,4.7,13.3
2023-12-27 00:00,14.66,5.8,0.4,3.1,14.9
2023-12-28 00:00,15.21,7.3,2.1,4.7,13.3
2023-12-29 00:00,15.28,6.6,2,4.3,13.7
2023-12-30 00:00,12.68,4.9,1.8,3.4,14.6
2023-12-31 00:00,8.34,5.4,2.9,4.1,13.9
2024-01-01 00:00,14.76,6.1,1.2,3.7,14.3
2024-01-02 00:00,10.3,3.9,-0.3,1.8,16.2
2024-01-03 00:00,9.78,3.9,1.4,2.6,15.4
2024-01-04 00:00,9.95,6.9,-0.2,3.3,14.7
2024-01-05 00:00,12.74,4.7,-2.9,0.9,17.1
2024-01-06 00:00,15.12,4.8,0.8,2.8,15.2
2024-01-07 00:00,20.01,2.3,-1.3,0.5,17.5
2024-01-08 00:00,9.97,-0.5,-3.7,-2.1,20.1
2024-01-09 00:00,13.78,1.4,-2.6,-0.6,18.6
2024-01-10 00:00,13.95,0.4,-5,-2.3,20.3
2024-01-11 00:00,34.49,-4.7,-21.2,-12.9,30.9
2024-01-12 00:00,43.73,-20.7,-26.6,-23.7,41.7
2024-01-13 00:00,48.62,-20.4,-28.1,-24.2,42.2
2024-01-14 00:00,34.55,-13.1,-21.7,-17.4,35.4
2024-01-15 00:00,31.64,-13.7,-21.2,-17.5,35.5
2024-01-16 00:00,27.96,-8.9,-14.4,-11.7,29.7
2024-01-17 00:00,17.53,-5.8,-10.2,-8,26
2024-01-18 00:00,18.6,-6.6,-15.4,-11,29
2024-01-19 00:00,17.38,-4.4,-10.7,-7.6,25.6
2024-01-20 00:00,13.11,-1.2,-5.2,-3.2,21.2
2024-01-21 00:00,18.86,1.1,-2.9,-0.9,18.9
2024-01-22 00:00,13.39,2.8,0,1.4,16.6
2024-01-23 00:00,11.75,2.8,1,1.9,16.1
2024-01-24 00:00,10.28,3.5,0.3,1.9,16.1
2024-01-25 00:00,11.83,3.8,-2.1,0.9,17.1
2024-01-26 00:00,12.12,5.1,-3.4,0.9,17.1
2024-01-27 00:00,17.94,5.6,2.5,4.1,13.9
2024-01-28 00:00,13.53,6.7,3.5,5.1,12.9
2024-01-29 00:00,9.52,11.8,4.4,8.1,9.9
2024-01-30 00:00,9,13.4,6.1,9.7,8.3
2024-01-31 00:00,12.91,11.2,5.2,8.2,9.8
2024-02-01 00:00,10.48,10.2,6.3,8.3,9.7
2024-02-02 00:00,10.85,9,0.4,4.7,13.3
2024-02-03 00:00,13.24,8.8,0.9,4.8,13.2
2024-02-04 00:00,15.78,3.9,-1.1,1.4,16.6
2024-02-05 00:00,12.11,2.2,-1.4,0.4,17.6
2024-02-06 00:00,11.03,3.3,-0.8,1.3,16.7
2024-02-07 00:00,13.78,5.2,0.8,3,15
